Participant,Scores
M079006,Heterosexual or straight
M079006,Heterosexual or straight
M079006,Heterosexual or straight
M079006,Heterosexual or straight
M079006,Heterosexual or straight
M079006,Heterosexual or straight
M079006,Heterosexual or straight
M079006,Heterosexual or straight
M079006,Heterosexual or straight
M079006,Heterosexual or straight
M079006,Heterosexual or straight
M079006,Heterosexual or straight
M079006,Heterosexual or straight
M079006,Heterosexual or straight
M079006,Heterosexual or straight
M079006,Heterosexual or straight
M079006,Heterosexual or straight
M079006,Heterosexual or straight
M079006,Heterosexual or straight
M079006,Heterosexual or straight
M079006,Heterosexual or straight
M074129,Heterosexual or straight
M074129,Heterosexual or straight
M074129,Heterosexual or straight
M074129,Heterosexual or straight
M074129,Heterosexual or straight
M074129,Heterosexual or straight
M074129,Heterosexual or straight
M074129,Heterosexual or straight
M074129,Heterosexual or straight
M074129,Heterosexual or straight
M074129,Heterosexual or straight
M074129,Heterosexual or straight
M074129,Heterosexual or straight
M074129,Heterosexual or straight
M074129,Heterosexual or straight
M074129,Heterosexual or straight
M074129,Heterosexual or straight
M074129,Heterosexual or straight
M074129,Heterosexual or straight
M074129,Heterosexual or straight
M074129,Heterosexual or straight
M099762,Heterosexual or straight
M099762,Heterosexual or straight
M099762,Heterosexual or straight
M099762,Heterosexual or straight
M099762,Heterosexual or straight
M099762,Heterosexual or straight
M099762,Heterosexual or straight
M099762,Heterosexual or straight
M099762,Heterosexual or straight
M099762,Heterosexual or straight
M099762,Heterosexual or straight
M099762,Heterosexual or straight
M099762,Heterosexual or straight
M099762,Heterosexual or straight
M099762,Heterosexual or straight
M099762,Heterosexual or straight
M099762,Heterosexual or straight
M099762,Heterosexual or straight
M099762,Heterosexual or straight
M099762,Heterosexual or straight
M099762,Heterosexual or straight
M003194,Gay or lesbian
M003194,Gay or lesbian
M003194,Gay or lesbian
M003194,Gay or lesbian
M003194,Gay or lesbian
M003194,Gay or lesbian
M003194,Gay or lesbian
M003194,Gay or lesbian
M003194,Gay or lesbian
M003194,Gay or lesbian
M003194,Gay or lesbian
M003194,Gay or lesbian
M003194,Gay or lesbian
M003194,Gay or lesbian
M003194,Gay or lesbian
M003194,Gay or lesbian
M003194,Gay or lesbian
M003194,Gay or lesbian
M003194,Gay or lesbian
M003194,Gay or lesbian
M003194,Gay or lesbian
M019888,Heterosexual or straight
M019888,Heterosexual or straight
M019888,Heterosexual or straight
M019888,Heterosexual or straight
M019888,Heterosexual or straight
M019888,Heterosexual or straight
M019888,Heterosexual or straight
M019888,Heterosexual or straight
M019888,Heterosexual or straight
M019888,Heterosexual or straight
M019888,Heterosexual or straight
M019888,Heterosexual or straight
M019888,Heterosexual or straight
M019888,Heterosexual or straight
M019888,Heterosexual or straight
M019888,Heterosexual or straight
M019888,Heterosexual or straight
M019888,Heterosexual or straight
M019888,Heterosexual or straight
M019888,Heterosexual or straight
M019888,Heterosexual or straight
M080138,Bisexual
M080138,Bisexual
M080138,Bisexual
M080138,Bisexual
M080138,Bisexual
M080138,Bisexual
M080138,Bisexual
M080138,Bisexual
M080138,Bisexual
M080138,Bisexual
M080138,Bisexual
M080138,Bisexual
M080138,Bisexual
M080138,Bisexual
M080138,Bisexual
M080138,Bisexual
M080138,Bisexual
M080138,Bisexual
M080138,Bisexual
M080138,Bisexual
M080138,Bisexual
M019518,Heterosexual or straight
M019518,Heterosexual or straight
M019518,Heterosexual or straight
M019518,Heterosexual or straight
M019518,Heterosexual or straight
M019518,Heterosexual or straight
M019518,Heterosexual or straight
M019518,Heterosexual or straight
M019518,Heterosexual or straight
M019518,Heterosexual or straight
M019518,Heterosexual or straight
M019518,Heterosexual or straight
M019518,Heterosexual or straight
M019518,Heterosexual or straight
M019518,Heterosexual or straight
M019518,Heterosexual or straight
M019518,Heterosexual or straight
M019518,Heterosexual or straight
M019518,Heterosexual or straight
M019518,Heterosexual or straight
M019518,Heterosexual or straight
M031928,Heterosexual or straight
M031928,Heterosexual or straight
M031928,Heterosexual or straight
M031928,Heterosexual or straight
M031928,Heterosexual or straight
M031928,Heterosexual or straight
M031928,Heterosexual or straight
M031928,Heterosexual or straight
M031928,Heterosexual or straight
M031928,Heterosexual or straight
M031928,Heterosexual or straight
M031928,Heterosexual or straight
M031928,Heterosexual or straight
M031928,Heterosexual or straight
M031928,Heterosexual or straight
M031928,Heterosexual or straight
M031928,Heterosexual or straight
M031928,Heterosexual or straight
M031928,Heterosexual or straight
M031928,Heterosexual or straight
M031928,Heterosexual or straight
M069091,Heterosexual or straight
M069091,Heterosexual or straight
M069091,Heterosexual or straight
M069091,Heterosexual or straight
M069091,Heterosexual or straight
M069091,Heterosexual or straight
M069091,Heterosexual or straight
M069091,Heterosexual or straight
M069091,Heterosexual or straight
M069091,Heterosexual or straight
M069091,Heterosexual or straight
M069091,Heterosexual or straight
M069091,Heterosexual or straight
M069091,Heterosexual or straight
M069091,Heterosexual or straight
M069091,Heterosexual or straight
M069091,Heterosexual or straight
M069091,Heterosexual or straight
M069091,Heterosexual or straight
M069091,Heterosexual or straight
M069091,Heterosexual or straight
M071496,Heterosexual or straight
M071496,Heterosexual or straight
M071496,Heterosexual or straight
M071496,Heterosexual or straight
M071496,Heterosexual or straight
M071496,Heterosexual or straight
M071496,Heterosexual or straight
M071496,Heterosexual or straight
M071496,Heterosexual or straight
M071496,Heterosexual or straight
M071496,Heterosexual or straight
M071496,Heterosexual or straight
M071496,Heterosexual or straight
M071496,Heterosexual or straight
M071496,Heterosexual or straight
M071496,Heterosexual or straight
M071496,Heterosexual or straight
M071496,Heterosexual or straight
M071496,Heterosexual or straight
M071496,Heterosexual or straight
M071496,Heterosexual or straight
M081172,Heterosexual or straight
M081172,Heterosexual or straight
M081172,Heterosexual or straight
M081172,Heterosexual or straight
M081172,Heterosexual or straight
M081172,Heterosexual or straight
M081172,Heterosexual or straight
M081172,Heterosexual or straight
M081172,Heterosexual or straight
M081172,Heterosexual or straight
M081172,Heterosexual or straight
M081172,Heterosexual or straight
M081172,Heterosexual or straight
M081172,Heterosexual or straight
M081172,Heterosexual or straight
M081172,Heterosexual or straight
M081172,Heterosexual or straight
M081172,Heterosexual or straight
M081172,Heterosexual or straight
M081172,Heterosexual or straight
M081172,Heterosexual or straight
M014027,Heterosexual or straight
M014027,Heterosexual or straight
M014027,Heterosexual or straight
M014027,Heterosexual or straight
M014027,Heterosexual or straight
M014027,Heterosexual or straight
M014027,Heterosexual or straight
M014027,Heterosexual or straight
M014027,Heterosexual or straight
M014027,Heterosexual or straight
M014027,Heterosexual or straight
M014027,Heterosexual or straight
M014027,Heterosexual or straight
M014027,Heterosexual or straight
M014027,Heterosexual or straight
M014027,Heterosexual or straight
M014027,Heterosexual or straight
M014027,Heterosexual or straight
M014027,Heterosexual or straight
M014027,Heterosexual or straight
M014027,Heterosexual or straight
M077635,Heterosexual or straight
M077635,Heterosexual or straight
M077635,Heterosexual or straight
M077635,Heterosexual or straight
M077635,Heterosexual or straight
M077635,Heterosexual or straight
M077635,Heterosexual or straight
M077635,Heterosexual or straight
M077635,Heterosexual or straight
M077635,Heterosexual or straight
M077635,Heterosexual or straight
M077635,Heterosexual or straight
M077635,Heterosexual or straight
M077635,Heterosexual or straight
M077635,Heterosexual or straight
M077635,Heterosexual or straight
M077635,Heterosexual or straight
M077635,Heterosexual or straight
M077635,Heterosexual or straight
M077635,Heterosexual or straight
M077635,Heterosexual or straight
M015037,Heterosexual or straight
M015037,Heterosexual or straight
M015037,Heterosexual or straight
M015037,Heterosexual or straight
M015037,Heterosexual or straight
M015037,Heterosexual or straight
M015037,Heterosexual or straight
M015037,Heterosexual or straight
M015037,Heterosexual or straight
M015037,Heterosexual or straight
M015037,Heterosexual or straight
M015037,Heterosexual or straight
M015037,Heterosexual or straight
M015037,Heterosexual or straight
M015037,Heterosexual or straight
M015037,Heterosexual or straight
M015037,Heterosexual or straight
M015037,Heterosexual or straight
M015037,Heterosexual or straight
M015037,Heterosexual or straight
M015037,Heterosexual or straight
M083438,Heterosexual or straight
M083438,Heterosexual or straight
M083438,Heterosexual or straight
M083438,Heterosexual or straight
M083438,Heterosexual or straight
M083438,Heterosexual or straight
M083438,Heterosexual or straight
M083438,Heterosexual or straight
M083438,Heterosexual or straight
M083438,Heterosexual or straight
M083438,Heterosexual or straight
M083438,Heterosexual or straight
M083438,Heterosexual or straight
M083438,Heterosexual or straight
M083438,Heterosexual or straight
M083438,Heterosexual or straight
M083438,Heterosexual or straight
M083438,Heterosexual or straight
M083438,Heterosexual or straight
M083438,Heterosexual or straight
M083438,Heterosexual or straight
M007635,Heterosexual or straight
M007635,Heterosexual or straight
M007635,Heterosexual or straight
M007635,Heterosexual or straight
M007635,Heterosexual or straight
M007635,Heterosexual or straight
M007635,Heterosexual or straight
M007635,Heterosexual or straight
M007635,Heterosexual or straight
M007635,Heterosexual or straight
M007635,Heterosexual or straight
M007635,Heterosexual or straight
M007635,Heterosexual or straight
M007635,Heterosexual or straight
M007635,Heterosexual or straight
M007635,Heterosexual or straight
M007635,Heterosexual or straight
M007635,Heterosexual or straight
M007635,Heterosexual or straight
M007635,Heterosexual or straight
M007635,Heterosexual or straight
M080089,Bisexual
M080089,Bisexual
M080089,Bisexual
M080089,Bisexual
M080089,Bisexual
M080089,Bisexual
M080089,Bisexual
M080089,Bisexual
M080089,Bisexual
M080089,Bisexual
M080089,Bisexual
M080089,Bisexual
M080089,Bisexual
M080089,Bisexual
M080089,Bisexual
M080089,Bisexual
M080089,Bisexual
M080089,Bisexual
M080089,Bisexual
M080089,Bisexual
M080089,Bisexual
M024343,Heterosexual or straight
M024343,Heterosexual or straight
M024343,Heterosexual or straight
M024343,Heterosexual or straight
M024343,Heterosexual or straight
M024343,Heterosexual or straight
M024343,Heterosexual or straight
M024343,Heterosexual or straight
M024343,Heterosexual or straight
M024343,Heterosexual or straight
M024343,Heterosexual or straight
M024343,Heterosexual or straight
M024343,Heterosexual or straight
M024343,Heterosexual or straight
M024343,Heterosexual or straight
M024343,Heterosexual or straight
M024343,Heterosexual or straight
M024343,Heterosexual or straight
M024343,Heterosexual or straight
M024343,Heterosexual or straight
M024343,Heterosexual or straight
M095133,Heterosexual or straight
M095133,Heterosexual or straight
M095133,Heterosexual or straight
M095133,Heterosexual or straight
M095133,Heterosexual or straight
M095133,Heterosexual or straight
M095133,Heterosexual or straight
M095133,Heterosexual or straight
M095133,Heterosexual or straight
M095133,Heterosexual or straight
M095133,Heterosexual or straight
M095133,Heterosexual or straight
M095133,Heterosexual or straight
M095133,Heterosexual or straight
M095133,Heterosexual or straight
M095133,Heterosexual or straight
M095133,Heterosexual or straight
M095133,Heterosexual or straight
M095133,Heterosexual or straight
M095133,Heterosexual or straight
M095133,Heterosexual or straight
M012723,Heterosexual or straight
M012723,Heterosexual or straight
M012723,Heterosexual or straight
M012723,Heterosexual or straight
M012723,Heterosexual or straight
M012723,Heterosexual or straight
M012723,Heterosexual or straight
M012723,Heterosexual or straight
M012723,Heterosexual or straight
M012723,Heterosexual or straight
M012723,Heterosexual or straight
M012723,Heterosexual or straight
M012723,Heterosexual or straight
M012723,Heterosexual or straight
M012723,Heterosexual or straight
M012723,Heterosexual or straight
M012723,Heterosexual or straight
M012723,Heterosexual or straight
M012723,Heterosexual or straight
M012723,Heterosexual or straight
M012723,Heterosexual or straight
M053004,Heterosexual or straight
M053004,Heterosexual or straight
M053004,Heterosexual or straight
M053004,Heterosexual or straight
M053004,Heterosexual or straight
M053004,Heterosexual or straight
M053004,Heterosexual or straight
M053004,Heterosexual or straight
M053004,Heterosexual or straight
M053004,Heterosexual or straight
M053004,Heterosexual or straight
M053004,Heterosexual or straight
M053004,Heterosexual or straight
M053004,Heterosexual or straight
M053004,Heterosexual or straight
M053004,Heterosexual or straight
M053004,Heterosexual or straight
M053004,Heterosexual or straight
M053004,Heterosexual or straight
M053004,Heterosexual or straight
M053004,Heterosexual or straight
M051183,Heterosexual or straight
M051183,Heterosexual or straight
M051183,Heterosexual or straight
M051183,Heterosexual or straight
M051183,Heterosexual or straight
M051183,Heterosexual or straight
M051183,Heterosexual or straight
M051183,Heterosexual or straight
M051183,Heterosexual or straight
M051183,Heterosexual or straight
M051183,Heterosexual or straight
M051183,Heterosexual or straight
M051183,Heterosexual or straight
M051183,Heterosexual or straight
M051183,Heterosexual or straight
M051183,Heterosexual or straight
M051183,Heterosexual or straight
M051183,Heterosexual or straight
M051183,Heterosexual or straight
M051183,Heterosexual or straight
M051183,Heterosexual or straight
M035720,Heterosexual or straight
M035720,Heterosexual or straight
M035720,Heterosexual or straight
M035720,Heterosexual or straight
M035720,Heterosexual or straight
M035720,Heterosexual or straight
M035720,Heterosexual or straight
M035720,Heterosexual or straight
M035720,Heterosexual or straight
M035720,Heterosexual or straight
M035720,Heterosexual or straight
M035720,Heterosexual or straight
M035720,Heterosexual or straight
M035720,Heterosexual or straight
M035720,Heterosexual or straight
M035720,Heterosexual or straight
M035720,Heterosexual or straight
M035720,Heterosexual or straight
M035720,Heterosexual or straight
M035720,Heterosexual or straight
M035720,Heterosexual or straight
M036729,Heterosexual or straight
M036729,Heterosexual or straight
M036729,Heterosexual or straight
M036729,Heterosexual or straight
M036729,Heterosexual or straight
M036729,Heterosexual or straight
M036729,Heterosexual or straight
M036729,Heterosexual or straight
M036729,Heterosexual or straight
M036729,Heterosexual or straight
M036729,Heterosexual or straight
M036729,Heterosexual or straight
M036729,Heterosexual or straight
M036729,Heterosexual or straight
M036729,Heterosexual or straight
M036729,Heterosexual or straight
M036729,Heterosexual or straight
M036729,Heterosexual or straight
M036729,Heterosexual or straight
M036729,Heterosexual or straight
M036729,Heterosexual or straight
M083348,Heterosexual or straight
M083348,Heterosexual or straight
M083348,Heterosexual or straight
M083348,Heterosexual or straight
M083348,Heterosexual or straight
M083348,Heterosexual or straight
M083348,Heterosexual or straight
M083348,Heterosexual or straight
M083348,Heterosexual or straight
M083348,Heterosexual or straight
M083348,Heterosexual or straight
M083348,Heterosexual or straight
M083348,Heterosexual or straight
M083348,Heterosexual or straight
M083348,Heterosexual or straight
M083348,Heterosexual or straight
M083348,Heterosexual or straight
M083348,Heterosexual or straight
M083348,Heterosexual or straight
M083348,Heterosexual or straight
M083348,Heterosexual or straight
M089297,Heterosexual or straight
M089297,Heterosexual or straight
M089297,Heterosexual or straight
M089297,Heterosexual or straight
M089297,Heterosexual or straight
M089297,Heterosexual or straight
M089297,Heterosexual or straight
M089297,Heterosexual or straight
M089297,Heterosexual or straight
M089297,Heterosexual or straight
M089297,Heterosexual or straight
M089297,Heterosexual or straight
M089297,Heterosexual or straight
M089297,Heterosexual or straight
M089297,Heterosexual or straight
M089297,Heterosexual or straight
M089297,Heterosexual or straight
M089297,Heterosexual or straight
M089297,Heterosexual or straight
M089297,Heterosexual or straight
M089297,Heterosexual or straight
M053874,Heterosexual or straight
M053874,Heterosexual or straight
M053874,Heterosexual or straight
M053874,Heterosexual or straight
M053874,Heterosexual or straight
M053874,Heterosexual or straight
M053874,Heterosexual or straight
M053874,Heterosexual or straight
M053874,Heterosexual or straight
M053874,Heterosexual or straight
M053874,Heterosexual or straight
M053874,Heterosexual or straight
M053874,Heterosexual or straight
M053874,Heterosexual or straight
M053874,Heterosexual or straight
M053874,Heterosexual or straight
M053874,Heterosexual or straight
M053874,Heterosexual or straight
M053874,Heterosexual or straight
M053874,Heterosexual or straight
M053874,Heterosexual or straight
M069625,Heterosexual or straight
M069625,Heterosexual or straight
M069625,Heterosexual or straight
M069625,Heterosexual or straight
M069625,Heterosexual or straight
M069625,Heterosexual or straight
M069625,Heterosexual or straight
M069625,Heterosexual or straight
M069625,Heterosexual or straight
M069625,Heterosexual or straight
M069625,Heterosexual or straight
M069625,Heterosexual or straight
M069625,Heterosexual or straight
M069625,Heterosexual or straight
M069625,Heterosexual or straight
M069625,Heterosexual or straight
M069625,Heterosexual or straight
M069625,Heterosexual or straight
M069625,Heterosexual or straight
M069625,Heterosexual or straight
M069625,Heterosexual or straight
M032788,Heterosexual or straight
M032788,Heterosexual or straight
M032788,Heterosexual or straight
M032788,Heterosexual or straight
M032788,Heterosexual or straight
M032788,Heterosexual or straight
M032788,Heterosexual or straight
M032788,Heterosexual or straight
M032788,Heterosexual or straight
M032788,Heterosexual or straight
M032788,Heterosexual or straight
M032788,Heterosexual or straight
M032788,Heterosexual or straight
M032788,Heterosexual or straight
M032788,Heterosexual or straight
M032788,Heterosexual or straight
M032788,Heterosexual or straight
M032788,Heterosexual or straight
M032788,Heterosexual or straight
M032788,Heterosexual or straight
M032788,Heterosexual or straight
M028087,Heterosexual or straight
M028087,Heterosexual or straight
M028087,Heterosexual or straight
M028087,Heterosexual or straight
M028087,Heterosexual or straight
M028087,Heterosexual or straight
M028087,Heterosexual or straight
M028087,Heterosexual or straight
M028087,Heterosexual or straight
M028087,Heterosexual or straight
M028087,Heterosexual or straight
M028087,Heterosexual or straight
M028087,Heterosexual or straight
M028087,Heterosexual or straight
M028087,Heterosexual or straight
M028087,Heterosexual or straight
M028087,Heterosexual or straight
M028087,Heterosexual or straight
M028087,Heterosexual or straight
M028087,Heterosexual or straight
M028087,Heterosexual or straight
M006444,Heterosexual or straight
M006444,Heterosexual or straight
M006444,Heterosexual or straight
M006444,Heterosexual or straight
M006444,Heterosexual or straight
M006444,Heterosexual or straight
M006444,Heterosexual or straight
M006444,Heterosexual or straight
M006444,Heterosexual or straight
M006444,Heterosexual or straight
M006444,Heterosexual or straight
M006444,Heterosexual or straight
M006444,Heterosexual or straight
M006444,Heterosexual or straight
M006444,Heterosexual or straight
M006444,Heterosexual or straight
M006444,Heterosexual or straight
M006444,Heterosexual or straight
M006444,Heterosexual or straight
M006444,Heterosexual or straight
M006444,Heterosexual or straight
M023802,Heterosexual or straight
M023802,Heterosexual or straight
M023802,Heterosexual or straight
M023802,Heterosexual or straight
M023802,Heterosexual or straight
M023802,Heterosexual or straight
M023802,Heterosexual or straight
M023802,Heterosexual or straight
M023802,Heterosexual or straight
M023802,Heterosexual or straight
M023802,Heterosexual or straight
M023802,Heterosexual or straight
M023802,Heterosexual or straight
M023802,Heterosexual or straight
M023802,Heterosexual or straight
M023802,Heterosexual or straight
M023802,Heterosexual or straight
M023802,Heterosexual or straight
M023802,Heterosexual or straight
M023802,Heterosexual or straight
M023802,Heterosexual or straight
M015981,Gay or lesbian
M015981,Gay or lesbian
M015981,Gay or lesbian
M015981,Gay or lesbian
M015981,Gay or lesbian
M015981,Gay or lesbian
M015981,Gay or lesbian
M015981,Gay or lesbian
M015981,Gay or lesbian
M015981,Gay or lesbian
M015981,Gay or lesbian
M015981,Gay or lesbian
M015981,Gay or lesbian
M015981,Gay or lesbian
M015981,Gay or lesbian
M015981,Gay or lesbian
M015981,Gay or lesbian
M015981,Gay or lesbian
M015981,Gay or lesbian
M015981,Gay or lesbian
M015981,Gay or lesbian
M051306,Heterosexual or straight
M051306,Heterosexual or straight
M051306,Heterosexual or straight
M051306,Heterosexual or straight
M051306,Heterosexual or straight
M051306,Heterosexual or straight
M051306,Heterosexual or straight
M051306,Heterosexual or straight
M051306,Heterosexual or straight
M051306,Heterosexual or straight
M051306,Heterosexual or straight
M051306,Heterosexual or straight
M051306,Heterosexual or straight
M051306,Heterosexual or straight
M051306,Heterosexual or straight
M051306,Heterosexual or straight
M051306,Heterosexual or straight
M051306,Heterosexual or straight
M051306,Heterosexual or straight
M051306,Heterosexual or straight
M051306,Heterosexual or straight
M003595,Gay or lesbian
M003595,Gay or lesbian
M003595,Gay or lesbian
M003595,Gay or lesbian
M003595,Gay or lesbian
M003595,Gay or lesbian
M003595,Gay or lesbian
M003595,Gay or lesbian
M003595,Gay or lesbian
M003595,Gay or lesbian
M003595,Gay or lesbian
M003595,Gay or lesbian
M003595,Gay or lesbian
M003595,Gay or lesbian
M003595,Gay or lesbian
M003595,Gay or lesbian
M003595,Gay or lesbian
M003595,Gay or lesbian
M003595,Gay or lesbian
M003595,Gay or lesbian
M003595,Gay or lesbian
M061893,Heterosexual or straight
M061893,Heterosexual or straight
M061893,Heterosexual or straight
M061893,Heterosexual or straight
M061893,Heterosexual or straight
M061893,Heterosexual or straight
M061893,Heterosexual or straight
M061893,Heterosexual or straight
M061893,Heterosexual or straight
M061893,Heterosexual or straight
M061893,Heterosexual or straight
M061893,Heterosexual or straight
M061893,Heterosexual or straight
M061893,Heterosexual or straight
M061893,Heterosexual or straight
M061893,Heterosexual or straight
M061893,Heterosexual or straight
M061893,Heterosexual or straight
M061893,Heterosexual or straight
M061893,Heterosexual or straight
M061893,Heterosexual or straight
M017130,Bisexual
M017130,Bisexual
M017130,Bisexual
M017130,Bisexual
M017130,Bisexual
M017130,Bisexual
M017130,Bisexual
M017130,Bisexual
M017130,Bisexual
M017130,Bisexual
M017130,Bisexual
M017130,Bisexual
M017130,Bisexual
M017130,Bisexual
M017130,Bisexual
M017130,Bisexual
M017130,Bisexual
M017130,Bisexual
M017130,Bisexual
M017130,Bisexual
M017130,Bisexual
M078144,Heterosexual or straight
M078144,Heterosexual or straight
M078144,Heterosexual or straight
M078144,Heterosexual or straight
M078144,Heterosexual or straight
M078144,Heterosexual or straight
M078144,Heterosexual or straight
M078144,Heterosexual or straight
M078144,Heterosexual or straight
M078144,Heterosexual or straight
M078144,Heterosexual or straight
M078144,Heterosexual or straight
M078144,Heterosexual or straight
M078144,Heterosexual or straight
M078144,Heterosexual or straight
M078144,Heterosexual or straight
M078144,Heterosexual or straight
M078144,Heterosexual or straight
M078144,Heterosexual or straight
M078144,Heterosexual or straight
M078144,Heterosexual or straight
M012920,Heterosexual or straight
M012920,Heterosexual or straight
M012920,Heterosexual or straight
M012920,Heterosexual or straight
M012920,Heterosexual or straight
M012920,Heterosexual or straight
M012920,Heterosexual or straight
M012920,Heterosexual or straight
M012920,Heterosexual or straight
M012920,Heterosexual or straight
M012920,Heterosexual or straight
M012920,Heterosexual or straight
M012920,Heterosexual or straight
M012920,Heterosexual or straight
M012920,Heterosexual or straight
M012920,Heterosexual or straight
M012920,Heterosexual or straight
M012920,Heterosexual or straight
M012920,Heterosexual or straight
M012920,Heterosexual or straight
M012920,Heterosexual or straight
M063715,Heterosexual or straight
M063715,Heterosexual or straight
M063715,Heterosexual or straight
M063715,Heterosexual or straight
M063715,Heterosexual or straight
M063715,Heterosexual or straight
M063715,Heterosexual or straight
M063715,Heterosexual or straight
M063715,Heterosexual or straight
M063715,Heterosexual or straight
M063715,Heterosexual or straight
M063715,Heterosexual or straight
M063715,Heterosexual or straight
M063715,Heterosexual or straight
M063715,Heterosexual or straight
M063715,Heterosexual or straight
M063715,Heterosexual or straight
M063715,Heterosexual or straight
M063715,Heterosexual or straight
M063715,Heterosexual or straight
M063715,Heterosexual or straight
M018657,Heterosexual or straight
M018657,Heterosexual or straight
M018657,Heterosexual or straight
M018657,Heterosexual or straight
M018657,Heterosexual or straight
M018657,Heterosexual or straight
M018657,Heterosexual or straight
M018657,Heterosexual or straight
M018657,Heterosexual or straight
M018657,Heterosexual or straight
M018657,Heterosexual or straight
M018657,Heterosexual or straight
M018657,Heterosexual or straight
M018657,Heterosexual or straight
M018657,Heterosexual or straight
M018657,Heterosexual or straight
M018657,Heterosexual or straight
M018657,Heterosexual or straight
M018657,Heterosexual or straight
M018657,Heterosexual or straight
M018657,Heterosexual or straight
M030351,Heterosexual or straight
M030351,Heterosexual or straight
M030351,Heterosexual or straight
M030351,Heterosexual or straight
M030351,Heterosexual or straight
M030351,Heterosexual or straight
M030351,Heterosexual or straight
M030351,Heterosexual or straight
M030351,Heterosexual or straight
M030351,Heterosexual or straight
M030351,Heterosexual or straight
M030351,Heterosexual or straight
M030351,Heterosexual or straight
M030351,Heterosexual or straight
M030351,Heterosexual or straight
M030351,Heterosexual or straight
M030351,Heterosexual or straight
M030351,Heterosexual or straight
M030351,Heterosexual or straight
M030351,Heterosexual or straight
M030351,Heterosexual or straight
M012411,Heterosexual or straight
M012411,Heterosexual or straight
M012411,Heterosexual or straight
M012411,Heterosexual or straight
M012411,Heterosexual or straight
M012411,Heterosexual or straight
M012411,Heterosexual or straight
M012411,Heterosexual or straight
M012411,Heterosexual or straight
M012411,Heterosexual or straight
M012411,Heterosexual or straight
M012411,Heterosexual or straight
M012411,Heterosexual or straight
M012411,Heterosexual or straight
M012411,Heterosexual or straight
M012411,Heterosexual or straight
M012411,Heterosexual or straight
M012411,Heterosexual or straight
M012411,Heterosexual or straight
M012411,Heterosexual or straight
M012411,Heterosexual or straight
M047120,Heterosexual or straight
M047120,Heterosexual or straight
M047120,Heterosexual or straight
M047120,Heterosexual or straight
M047120,Heterosexual or straight
M047120,Heterosexual or straight
M047120,Heterosexual or straight
M047120,Heterosexual or straight
M047120,Heterosexual or straight
M047120,Heterosexual or straight
M047120,Heterosexual or straight
M047120,Heterosexual or straight
M047120,Heterosexual or straight
M047120,Heterosexual or straight
M047120,Heterosexual or straight
M047120,Heterosexual or straight
M047120,Heterosexual or straight
M047120,Heterosexual or straight
M047120,Heterosexual or straight
M047120,Heterosexual or straight
M047120,Heterosexual or straight
M007207,Heterosexual or straight
M007207,Heterosexual or straight
M007207,Heterosexual or straight
M007207,Heterosexual or straight
M007207,Heterosexual or straight
M007207,Heterosexual or straight
M007207,Heterosexual or straight
M007207,Heterosexual or straight
M007207,Heterosexual or straight
M007207,Heterosexual or straight
M007207,Heterosexual or straight
M007207,Heterosexual or straight
M007207,Heterosexual or straight
M007207,Heterosexual or straight
M007207,Heterosexual or straight
M007207,Heterosexual or straight
M007207,Heterosexual or straight
M007207,Heterosexual or straight
M007207,Heterosexual or straight
M007207,Heterosexual or straight
M007207,Heterosexual or straight
M047399,Heterosexual or straight
M047399,Heterosexual or straight
M047399,Heterosexual or straight
M047399,Heterosexual or straight
M047399,Heterosexual or straight
M047399,Heterosexual or straight
M047399,Heterosexual or straight
M047399,Heterosexual or straight
M047399,Heterosexual or straight
M047399,Heterosexual or straight
M047399,Heterosexual or straight
M047399,Heterosexual or straight
M047399,Heterosexual or straight
M047399,Heterosexual or straight
M047399,Heterosexual or straight
M047399,Heterosexual or straight
M047399,Heterosexual or straight
M047399,Heterosexual or straight
M047399,Heterosexual or straight
M047399,Heterosexual or straight
M047399,Heterosexual or straight
M045912,Bisexual
M045912,Bisexual
M045912,Bisexual
M045912,Bisexual
M045912,Bisexual
M045912,Bisexual
M045912,Bisexual
M045912,Bisexual
M045912,Bisexual
M045912,Bisexual
M045912,Bisexual
M045912,Bisexual
M045912,Bisexual
M045912,Bisexual
M045912,Bisexual
M045912,Bisexual
M045912,Bisexual
M045912,Bisexual
M045912,Bisexual
M045912,Bisexual
M045912,Bisexual
M026068,Heterosexual or straight
M026068,Heterosexual or straight
M026068,Heterosexual or straight
M026068,Heterosexual or straight
M026068,Heterosexual or straight
M026068,Heterosexual or straight
M026068,Heterosexual or straight
M026068,Heterosexual or straight
M026068,Heterosexual or straight
M026068,Heterosexual or straight
M026068,Heterosexual or straight
M026068,Heterosexual or straight
M026068,Heterosexual or straight
M026068,Heterosexual or straight
M026068,Heterosexual or straight
M026068,Heterosexual or straight
M026068,Heterosexual or straight
M026068,Heterosexual or straight
M026068,Heterosexual or straight
M026068,Heterosexual or straight
M026068,Heterosexual or straight
M075165,Gay or lesbian
M075165,Gay or lesbian
M075165,Gay or lesbian
M075165,Gay or lesbian
M075165,Gay or lesbian
M075165,Gay or lesbian
M075165,Gay or lesbian
M075165,Gay or lesbian
M075165,Gay or lesbian
M075165,Gay or lesbian
M075165,Gay or lesbian
M075165,Gay or lesbian
M075165,Gay or lesbian
M075165,Gay or lesbian
M075165,Gay or lesbian
M075165,Gay or lesbian
M075165,Gay or lesbian
M075165,Gay or lesbian
M075165,Gay or lesbian
M075165,Gay or lesbian
M075165,Gay or lesbian
M040693,Heterosexual or straight
M040693,Heterosexual or straight
M040693,Heterosexual or straight
M040693,Heterosexual or straight
M040693,Heterosexual or straight
M040693,Heterosexual or straight
M040693,Heterosexual or straight
M040693,Heterosexual or straight
M040693,Heterosexual or straight
M040693,Heterosexual or straight
M040693,Heterosexual or straight
M040693,Heterosexual or straight
M040693,Heterosexual or straight
M040693,Heterosexual or straight
M040693,Heterosexual or straight
M040693,Heterosexual or straight
M040693,Heterosexual or straight
M040693,Heterosexual or straight
M040693,Heterosexual or straight
M040693,Heterosexual or straight
M040693,Heterosexual or straight
